Workbook

Sheet Hoja1
B2: DATOS ACTUACIONES | C2: RESPUESTAS Seleccione
B3: ¿En qué zona está (ZETU, ZIRE)? | C3: ZIRE
B4: ¿Actúa por Accesibilidad? | C4: SÍ
B5: ¿Actúa por Conservación? | C5: SÍ
B6: ¿Actúa por Eficiencia Energética (verde)? | C6: SÍ
B7: ¿Actúa por Salubridad? | C7: SÍ
B8: ¿Actúa por Seguridad? | C8: SÍ
B9: ¿Qué mejora de la demanda global de calefacción/refrigeración van a lograr? | C9: AL MENOS UN 60%
B10: ¿Qué calificación energética tiene actualmente su edificio en emisiones? | C10: A,B,C,D o E
B11: ¿El edificio se encuentra bajo algún tipo de protección que afecte a la envolvente térmica (fachada)? | C11: NO
B12: ¿Unidad familiar en situación de dificultad social? | C12: NO
B13: ¿Pertenece a una Comunidad energética? | C13: NO
... B17: DATOS ECONÓMICOS | C17: RESPUESTAS Rellene
B18: ¿Cuál es el presupuesto de la actuación (coste real) de accesibilidad? | C18: 100000
B19: ¿Cuál es el presupuesto de la actuación (coste real) de conservación? | C19: 80000
B20: ¿Cuál es el presupuesto de la actuación (coste real) de eficiencia energética (verde)?* | C20: 60000
B21: ¿Cuál es el presupuesto de la actuación (coste real) de salubridad? | C21: 40000
B22: ¿Cuál es el presupuesto de la actuación (coste real) de seguridad? | C22: 20000
B23: ¿Cuál es el presupuesto de la actuación (coste real) de las actuaciones del punto 9.1.3.c)?* | C23: 10000
B24: ¿Cuántas viviendas hay? | C24: 8
B25: ¿Cuántos locales hay? | C25: 1
B26: En esas viviendas, ¿hay alguna/s cuyos hogares cumplan con la condición de "dificultad social"? Si es así, indique el número. Si no, marque "0". | C26: 2
B27: ¿Cuál es el presupuesto de los honorarios? | C27: 7000
B28: ¿Cuál es el presupuesto de los costes indirectos? | C28: 2000
B30: COSTES REALES (presupuesto) | C30: =IF(C15="SÍ",Hoja2!M3+Hoja2!M5+Hoja2!L19+Hoja2!M21+Hoja2!M22,Hoja2!M3+Hoja2!M5+Hoja2!M9+Hoja2!M21+Hoja2!M22) -> 115500
B31: COSTES HONORARIOS | C31: =IF(C3="ZETU",Hoja2!K27,Hoja2!K28) -> 6000
B32: COSTES INDIRECTOS | C32: =IF(C3="ZETU",Hoja2!K32,Hoja2!K33) -> 1500
B33: COSTES TOTALES | C33: =SUM(C18:C22)+C27+C28 -> 309000
B34: ¿QUÉ SUBVENCIÓN ME DARÁN? | C34: =SUM(C30:C32) -> 123000
B35: PORCENTAJE DE AYUDA | C35: =C34/C33 -> 0.39805825
B38: *. En el caso de que sean Comunidades Energéticas y además realicen alguna actuación que pueda enmarcarse en el apartado 9.1.3.c) de las bases de la convocatoria, en el Presupuesto de Línea Verde tienen que poner aquel que corresponda al resultante de todos los costes vinculados a las actuaciones de dicha línea menos aquel que sea de las actuaciones comprendidas en el apartado 9.1.3.c), el cual deberán indicarlo en la pregunta relativa al mismo. Si no son Comunidades Energéticas y/o no van a acometer actuaciones del punto 9.1.3.c), pongan la totalidad del presupuesto relacionado con la Línea Verde en la pregunta de coste real de eficiencia energética, dejando en blanco la pregunta relativa a las actuaciones del punto 9.1.3.c).

Sheet Hoja2
B2: LÍNEA | C2: ÁMBITO | D2: PORCENTAJE SUBVENCIÓN | E2: CUANTÍA MÁXIMA POR VIVIENDA | G2: Coste/viv | H2: Coste viv dificil | I2: Coste viv resto | K2: Resultado | L2: Resultado filtrado | M2: Resultado ZETU ZIRE
B3: ACCESIBILIDAD | C3: ZETU | D3: 0.75 | E3: 10000 | G3: =Hoja1!C18/Hoja1!C24 -> 12500 | H3: =G3*Hoja1!C26 -> 25000 | I3: =Hoja1!C18-H3 -> 75000 | K3: =IF((H3*$D$24+I3*D3)>(E3*(Hoja1!$C$24+Hoja1!$C$25)),(Hoja1!$C$24+Hoja1!$C$25)*E3,H3*$D$24+I3*D3) -> 78750 | L3: =IF((H3*$D$24+I3*D3)>(E3*(Hoja1!$C$24+Hoja1!$C$25)),(Hoja1!$C$24+Hoja1!$C$25)*E3,H3*$D$24+I3*D3) -> 78750 | M3: =IF(Hoja1!$C$3="SI",L3,L4) -> 36000
C4: ZIRE | D4: 0.4 | E4: 4000 | G4: =Hoja1!C18/Hoja1!C24 -> 12500 | H4: =G4*Hoja1!C26 -> 25000 | I4: =Hoja1!C18-H4 -> 75000 | K4: =IF((H4*$D$24+I4*D4)>(E4*(Hoja1!$C$24+Hoja1!$C$25)),(Hoja1!$C$24+Hoja1!$C$25)*E4,H4*$D$24+I4*D4) -> 36000 | L4: =IF((H4*$D$24+I4*D4)>(E4*(Hoja1!$C$24+Hoja1!$C$25)),(Hoja1!$C$24+Hoja1!$C$25)*E4,H4*$D$24+I4*D4) -> 36000
B5: CONSERVACIÓN | C5: ZETU | D5: 0.5 | E5: 5000 | G5: =Hoja1!$C$19/Hoja1!$C$24 -> 10000 | H5: =G5*Hoja1!$C$26 -> 20000 | I5: =Hoja1!$C$19-H5 -> 60000 | K5: =IF((H5*$D$24+I5*D5)>(E5*(Hoja1!$C$24+Hoja1!$C$25)),(Hoja1!$C$24+Hoja1!$C$25)*E5,H5*$D$24+I5*D5) -> 45000 | L5: =IF(Hoja1!C11="si",K6,K5) -> 45000 | M5: =IF(Hoja1!$C$3="SI",L5+L6,L7+L8) -> 36000
D6: 0.55 | E6: 5000 | G6: =Hoja1!$C$19/Hoja1!$C$24 -> 10000 | H6: =G6*Hoja1!$C$26 -> 20000 | I6: =Hoja1!$C$19-H6 -> 60000 | K6: =IF((H6*$D$24+I6*D6)>(E6*(Hoja1!$C$24+Hoja1!$C$25)),(Hoja1!$C$24+Hoja1!$C$25)*E6,H6*$D$24+I6*D6) -> 45000
C7: ZIRE | D7: 0.4 | E7: 4000 | G7: =Hoja1!$C$19/Hoja1!$C$24 -> 10000 | H7: =G7*Hoja1!$C$26 -> 20000 | I7: =Hoja1!$C$19-H7 -> 60000 | K7: =IF((H7*$D$24+I7*D7)>(E7*(Hoja1!$C$24+Hoja1!$C$25)),(Hoja1!$C$24+Hoja1!$C$25)*E7,H7*$D$24+I7*D7) -> 36000 | L7: =IF(Hoja1!C11="si",K8,K7) -> 36000
D8: 0.45 | E8: 4000 | G8: =Hoja1!$C$19/Hoja1!$C$24 -> 10000 | H8: =G8*Hoja1!$C$26 -> 20000 | I8: =Hoja1!$C$19-H8 -> 60000 | K8: =IF((H8*$D$24+I8*D8)>(E8*(Hoja1!$C$24+Hoja1!$C$25)),(Hoja1!$C$24+Hoja1!$C$25)*E8,H8*$D$24+I8*D8) -> 36000
B9: EFICIENCIA ENERGÉTICA | C9: ZETU | D9: 0.6 | E9: 8000 | G9: =Hoja1!$C$20/Hoja1!$C$24 -> 7500 | H9: =G9*Hoja1!$C$26 -> 15000 | I9: =Hoja1!$C$20-H9 -> 45000 | K9: =IF((H9*$D$24+I9*D9)>(E9*(Hoja1!$C$24+Hoja1!$C$25)),(Hoja1!$C$24+Hoja1!$C$25)*E9,H9*$D$24+I9*D9) -> 40500 | L9: =IF(AND(Hoja1!$C$9="AL MENOS UN 35%",Hoja1!$C$10="A,B,C,D o E"),K9,0) -> 0 | M9: =IF(Hoja1!$C$3="SI",L9+L10+L11+L12+L13,L14+L15+L16+L17+L18) -> 40500
D10: 0.65 | E10: 8000 | G10: =Hoja1!$C$20/Hoja1!$C$24 -> 7500 | H10: =G10*Hoja1!$C$26 -> 15000 | I10: =Hoja1!$C$20-H10 -> 45000 | K10: =IF((H10*$D$24+I10*D10)>(E10*(Hoja1!$C$24+Hoja1!$C$25)),(Hoja1!$C$24+Hoja1!$C$25)*E10,H10*$D$24+I10*D10) -> 42750 | L10: =IF(AND(Hoja1!$C$9="AL MENOS UN 35%",Hoja1!$C$10="F o G"),K10,0) -> 0
D11: 0.7 | E11: 8000 | G11: =Hoja1!$C$20/Hoja1!$C$24 -> 7500 | H11: =G11*Hoja1!$C$26 -> 15000 | I11: =Hoja1!$C$20-H11 -> 45000 | K11: =IF((H11*$D$24+I11*D11)>(E11*(Hoja1!$C$24+Hoja1!$C$25)),(Hoja1!$C$24+Hoja1!$C$25)*E11,H11*$D$24+I11*D11) -> 45000 | L11: =IF(AND(Hoja1!$C$9="AL MENOS UN 60%",Hoja1!$C$10="A,B,C,D o E"),K11,0) -> 45000
D12: 0.75 | E12: 8000 | G12: =Hoja1!$C$20/Hoja1!$C$24 -> 7500 | H12: =G12*Hoja1!$C$26 -> 15000 | I12: =Hoja1!$C$20-H12 -> 45000 | K12: =IF((H12*$D$24+I12*D12)>(E12*(Hoja1!$C$24+Hoja1!$C$25)),(Hoja1!$C$24+Hoja1!$C$25)*E12,H12*$D$24+I12*D12) -> 47250 | L12: =IF(AND(Hoja1!$C$9="AL MENOS UN 60%",Hoja1!$C$10="F o G"),K12,0) -> 0
D13: 0.75 | E13: 8000 | G13: =Hoja1!$C$20/Hoja1!$C$24 -> 7500 | H13: =G13*Hoja1!$C$26 -> 15000 | I13: =Hoja1!$C$20-H13 -> 45000 | K13: =IF((H13*$D$24+I13*D13)>(E13*(Hoja1!$C$24+Hoja1!$C$25)),(Hoja1!$C$24+Hoja1!$C$25)*E13,H13*$D$24+I13*D13) -> 47250 | L13: =IF(Hoja1!C11="SI",K13,0) -> 0
C14: ZIRE | D14: 0.5 | E14: 8000 | G14: =Hoja1!$C$20/Hoja1!$C$24 -> 7500 | H14: =G14*Hoja1!$C$26 -> 15000 | I14: =Hoja1!$C$20-H14 -> 45000 | K14: =IF((H14*$D$24+I14*D14)>(E14*(Hoja1!$C$24+Hoja1!$C$25)),(Hoja1!$C$24+Hoja1!$C$25)*E14,H14*$D$24+I14*D14) -> 36000 | L14: =IF(AND(Hoja1!$C$9="AL MENOS UN 35%",Hoja1!$C$10="A,B,C,D o E"),K14,0) -> 0
D15: 0.55 | E15: 8000 | G15: =Hoja1!$C$20/Hoja1!$C$24 -> 7500 | H15: =G15*Hoja1!$C$26 -> 15000 | I15: =Hoja1!$C$20-H15 -> 45000 | K15: =IF((H15*$D$24+I15*D15)>(E15*(Hoja1!$C$24+Hoja1!$C$25)),(Hoja1!$C$24+Hoja1!$C$25)*E15,H15*$D$24+I15*D15) -> 38250 | L15: =IF(AND(Hoja1!$C$9="AL MENOS UN 35%",Hoja1!$C$10="F o G"),K15,0) -> 0
D16: 0.6 | E16: 8000 | G16: =Hoja1!$C$20/Hoja1!$C$24 -> 7500 | H16: =G16*Hoja1!$C$26 -> 15000 | I16: =Hoja1!$C$20-H16 -> 45000 | K16: =IF((H16*$D$24+I16*D16)>(E16*(Hoja1!$C$24+Hoja1!$C$25)),(Hoja1!$C$24+Hoja1!$C$25)*E16,H16*$D$24+I16*D16) -> 40500 | L16: =IF(AND(Hoja1!$C$9="AL MENOS UN 60%",Hoja1!$C$10="A,B,C,D o E"),K16,0) -> 40500
D17: 0.65 | E17: 8000 | G17: =Hoja1!$C$20/Hoja1!$C$24 -> 7500 | H17: =G17*Hoja1!$C$26 -> 15000 | I17: =Hoja1!$C$20-H17 -> 45000 | K17: =IF((H17*$D$24+I17*D17)>(E17*(Hoja1!$C$24+Hoja1!$C$25)),(Hoja1!$C$24+Hoja1!$C$25)*E17,H17*$D$24+I17*D17) -> 42750 | L17: =IF(AND(Hoja1!$C$9="AL MENOS UN 60%",Hoja1!$C$10="F o G"),K17,0) -> 0
D18: 0.65 | E18: 8000 | G18: =Hoja1!$C$20/Hoja1!$C$24 -> 7500 | H18: =G18*Hoja1!$C$26 -> 15000 | I18: =Hoja1!$C$20-H18 -> 45000 | K18: =IF((H18*$D$24+I18*D18)>(E18*(Hoja1!$C$24+Hoja1!$C$25)),(Hoja1!$C$24+Hoja1!$C$25)*E18,H18*$D$24+I18*D18) -> 42750 | L18: =IF(Hoja1!C18="SI",K18,0) -> 0
C19: ZETU Y ZIRE | D19: 0.8 | E19: - | G19: =Hoja1!$C$20/Hoja1!$C$24 -> 7500 | H19: =G19*Hoja1!$C$26 -> 15000 | I19: =Hoja1!$C$20-H19 -> 45000 | K19: =Hoja1!C20*D19 -> 48000 | L19: =IF(Hoja1!C15="SI",K19,0) -> 0
D20: 0.9 | E20: - | G20: =Hoja1!$C$20/Hoja1!$C$24 -> 7500 | H20: =G20*Hoja1!$C$26 -> 15000 | I20: =Hoja1!$C$20-H20 -> 45000 | K20: =Hoja1!C23*D20 -> 9000 | L20: =IF(AND(Hoja1!C13="SI",Hoja1!C14="SI"),K20,0) -> 0
B21: SALUBRIDAD | C21: ZETU Y ZIRE | D21: 0.75 | E21: 10000 | G21: =Hoja1!C21/Hoja1!C24 -> 5000 | H21: =G21*Hoja1!C26 -> 10000 | I21: =Hoja1!C21-H21 -> 30000 | K21: =IF((H21*$D$24+I21*D21)>(E21*(Hoja1!$C$24+Hoja1!$C$25)),(Hoja1!$C$24+Hoja1!$C$25)*E21,H21*$D$24+I21*D21) -> 31500 | L21: =K21 -> 31500 | M21: =L21 -> 31500
B22: SEGURIDAD | C22: ZETU | D22: 0.6 | E22: 8000 | G22: =Hoja1!C22/Hoja1!C24 -> 2500 | H22: =G22*Hoja1!C26 -> 5000 | I22: =Hoja1!C22-H22 -> 15000 | K22: =IF((H22*$D$24+I22*D22)>(E22*(Hoja1!$C$24+Hoja1!$C$25)),(Hoja1!$C$24+Hoja1!$C$25)*E22,H22*$D$24+I22*D22) -> 13500 | L22: =IF((H22*$D$24+I22*D22)>(E22*(Hoja1!$C$24+Hoja1!$C$25)),(Hoja1!$C$24+Hoja1!$C$25)*E22,H22*$D$24+I22*D22) -> 13500 | M22: =IF(Hoja1!$C$3="SI",L22,L23) -> 12000
C23: ZIRE | D23: 0.5 | E23: 5000 | G23: =Hoja1!C22/Hoja1!C24 -> 2500 | H23: =G23*Hoja1!C26 -> 5000 | I23: =Hoja1!C22-H23 -> 15000 | K23: =IF((H23*$D$24+I23*D23)>(E23*(Hoja1!$C$24+Hoja1!$C$25)),(Hoja1!$C$24+Hoja1!$C$25)*E23,H23*$D$24+I23*D23) -> 12000 | L23: =IF((H23*$D$24+I23*D23)>(E23*(Hoja1!$C$24+Hoja1!$C$25)),(Hoja1!$C$24+Hoja1!$C$25)*E23,H23*$D$24+I23*D23) -> 12000
B24: CUALQUIER LÍNEA | C24: ZETU Y ZIRE | D24: 0.9 | E24: -
C26: ÁMBITO | D26: PORCENTAJE SUBVENCIÓN | E26: CUANTÍA MÁXIMA POR EDIFICIO | G26: Coste/viv | H26: Coste viv dificil | I26: Coste viv resto | K26: Resultado
C27: ZETU | D27: 0.75 | E27: 12000 | G27: =Hoja1!C27/Hoja1!C24 -> 875 | H27: =G27*Hoja1!C26 -> 1750 | I27: =Hoja1!C27-H27 -> 5250 | K27: =IF(Hoja1!C27<E27,I27*D27+H27*D29,E27) -> 5512.5
C28: ZIRE | D28: 0.4 | E28: 6000 | G28: =Hoja1!C27/Hoja1!C24 -> 875 | H28: =G28*Hoja1!C26 -> 1750 | I28: =Hoja1!C27-H28 -> 5250 | K28: =IF(Hoja1!C27<E28,I28*D28+H28*D29,E28) -> 6000
C29: ZETU Y ZIRE | D29: 0.9 | E29: -
C31: ÁMBITO | D31: PORCENTAJE SUBVENCIÓN | E31: CUANTÍA MÁXIMA POR EDIFICIO | G31: Coste/viv | H31: Coste viv dificil | I31: Coste viv resto
C32: ZETU | D32: 0.75 | E32: 3000 | G32: =Hoja1!C28/Hoja1!C24 -> 250 | H32: =G32*Hoja1!C26 -> 500 | I32: =Hoja1!C28-H32 -> 1500 | K32: =IF(Hoja1!C28<E32,I32*D32+H32*D34,E32) -> 1575
C33: ZIRE | D33: 0.4 | E33: 1500 | G33: =Hoja1!C28/Hoja1!C24 -> 250 | H33: =G33*Hoja1!C26 -> 500 | I33: =Hoja1!C28-H33 -> 1500 | K33: =IF(Hoja1!C28<E33,I33*D33+H33*D34,E33) -> 1500
C34: ZETU Y ZIRE | D34: 0.9 | E34: -
